Workbook

Sheet Cost Model
B2: Arm | C2: Carrier Status | D2: Resistance bacteria type | E2: Outcome | F2: Screening | G2: Susceptibility test | H2: Prophylaxis | J2: Diagnostic test | K2: Antibiotic Treatment | L2: Societal Cost per dose | M2: ICU day | N2: Total [THB] | O2: Weighted Status [THB] | P2: Weight by Arm [THB] | R2: Total [THB] NO SC | S2: Weighted Status [THB] | T2: Weight by Arm [THB]
B3: Non Screening Arm | E3: No SSI | F3: 0 | G3: 0 | H3: =Prices!$B$14*C20 -> 58.19 | K3: 0 | L3: =Prices!B24*2*(C20) -> 778.61389 | M3: =(C25)*Prices!$B$20 -> 22127 | N3: =SUM(F3:M3) -> 22963.804 | O3: =N3*F18+N4*F19+N5*F20 -> 23912.658 | P3: =O3 -> 23912.658 | R3: =SUM(F3:M3)-L3 -> 22185.19 | S3: =R3*F18+R4*F19+R5*F20 -> 23035.003 | T3: =S3 -> 23035.003
E4: S-SSI | F4: 0 | G4: 0 | H4: =Prices!$B$14*C20 -> 58.19 | J4: =Prices!B10+Prices!B6 -> 1357.2912 | K4: =Prices!B23*('Cost Model'!C21+C23) -> 600 | L4: =2*Prices!B24*(C20+C21) -> 6228.9111 | M4: =(C26)*Prices!$B$20 -> 63220 | N4: =SUM(F4:M4) -> 71464.392 | R4: =SUM(F4:M4)-L4 -> 65235.481
E5: R-SSI | F5: 0 | G5: 0 | H5: =Prices!$B$14*C20 -> 58.19 | J5: =J4 -> 1357.2912 | K5: =K14*L17/(L17+L18)+K11*L18/(L17+L18)+C20*Prices!B23+C23*Prices!B23 -> 21284.193 | L5: =(IF(C17="Tigecycline",Prices!B26*(C20+C22+C23),Prices!B26*2*(C20+C22+C23)))*L18/(L17+L18)+(Prices!B25*(C20+C22+C23))*L17/(L17+L18) -> 11913.28 | M5: =(C27+C23)*Prices!$B$20 -> 104313 | N5: =SUM(F5:M5) -> 138925.95 | R5: =SUM(F5:M5)-L5 -> 127012.67
B6: Screening Arm | C6: Gram-negative resistance non-carrier | E6: No SSI | F6: =Prices!B10 -> 776.13063 | G6: 0 | H6: =Prices!$B$14*C20 -> 58.19 | K6: 0 | L6: =Prices!B24*2*C20 -> 778.61389 | M6: =C25*Prices!$B$20 -> 22127 | N6: =SUM(F6:M6) -> 23739.935 | O6: =N6*F22+N7*F23+N8*F24 -> 24223.14 | P6: =O6*L19+O9*L18+L17*O12 -> 25715.491 | R6: =SUM(F6:M6)-L6 -> 22961.321 | S6: =R6*F22+R7*F23+R8*F24 -> 23390.024 | T6: =S6*L19+S9*L18+L17*S12 -> 24919.076
E7: S-SSI | F7: =Prices!B10 -> 776.13063 | G7: 0 | H7: =Prices!$B$14*C20 -> 58.19 | J7: =J4 -> 1357.2912 | K7: =Prices!B23*'Cost Model'!C21 -> 420 | L7: =2*Prices!B24*(C20+C21) -> 6228.9111 | M7: =C26*Prices!$B$20 -> 63220 | N7: =SUM(F7:M7) -> 72060.523 | R7: =SUM(F7:M7)-L7 -> 65831.612
E8: R-SSI | F8: =Prices!B10 -> 776.13063 | G8: 0 | H8: =Prices!$B$14*C20 -> 58.19 | J8: =J5 -> 1357.2912 | K8: =L17/(L17+L18)*K14+K11*L18/(L17+L18) -> 21044.193 | L8: =L11*L18/(L17+L18)+L14*L17/(L17+L18) -> 9927.7334 | M8: =C27*Prices!$B$20 -> 94830 | N8: =SUM(F8:M8) -> 127993.54 | R8: =SUM(F8:M8)-L8 -> 118065.81
C9: Gram-negative Resistant Carrier | D9: CR carrier | E9: No SSI | F9: =Prices!B10 -> 776.13063 | G9: =Prices!B6 -> 581.16061 | H9: =Prices!$B$15*2+Prices!B30*2 -> 4053.04 | K9: 0 | L9: =IF(C17="Tigecycline",Prices!B26*(C20),Prices!B26*2*(C20)) -> 1402.8054 | M9: =C25*Prices!$B$20 -> 22127 | N9: =SUM(F9:M9) -> 28940.137 | O9: =N9*H18+N10*H19+N11*H20 -> 30350.355 | R9: =SUM(F9:M9)-L9 -> 27537.331 | S9: =R9*H18+R10*H19+R11*H20 -> 28775.211
E10: S-SSI | F10: =Prices!B10 -> 776.13063 | G10: =Prices!B6 -> 581.16061 | H10: =Prices!$B$15*2+Prices!B30*2 -> 4053.04 | J10: =J7 -> 1357.2912 | K10: =Prices!B23*'Cost Model'!C21 -> 420 | L10: =IF(C17="Tigecycline",Prices!B26*(C20),Prices!B26*2*(C20))+Prices!B24*2*C21 -> 6853.1026 | M10: =C26*Prices!$B$20 -> 63220 | N10: =SUM(F10:M10) -> 77260.725 | R10: =SUM(F10:M10)-L10 -> 70407.622
E11: R-SSI | F11: =Prices!B10 -> 776.13063 | G11: =Prices!B6 -> 581.16061 | H11: =Prices!$B$15*2+Prices!B30*2 -> 4053.04 | J11: =J8 -> 1357.2912 | K11: =(Prices!B15*2+Prices!B30*5)+(Prices!B30*4+Prices!B15*2)*('Cost Model'!C22-1) -> 60802.56 | L11: =IF(C17="Tigecycline",Prices!B26*(C20+C22),Prices!B26*2*(C20+C22)) -> 21042.081 | M11: =C27*Prices!$B$20 -> 94830 | N11: =SUM(F11:M11) -> 183442.26 | R11: =SUM(F11:M11)-L11 -> 162400.18
D12: 3GCR Carrier | E12: No SSI | F12: =Prices!B10 -> 776.13063 | G12: =Prices!B6 -> 581.16061 | H12: =Prices!$B$11*C20 -> 935.18 | K12: 0 | L12: =Prices!B25*C20 -> 513.6576 | M12: =C25*Prices!$B$20 -> 22127 | N12: =SUM(F12:M12) -> 24933.129 | O12: =N12*H22+N13*H23+N14*H24 -> 25982.399 | R12: =SUM(F12:M12)-L12 -> 24419.471 | S12: =R12*H22+R13*H23+R14*H24 -> 25371.091
E13: S-SSI | F13: =Prices!B10 -> 776.13063 | G13: =Prices!B6 -> 581.16061 | H13: =Prices!$B$11*C20 -> 935.18 | J13: =J10 -> 1357.2912 | K13: =Prices!B23*'Cost Model'!C21 -> 420 | L13: =2*Prices!B24*(C21)+Prices!B25*C20 -> 5963.9548 | M13: =C26*Prices!$B$20 -> 63220 | N13: =SUM(F13:M13) -> 73253.717 | R13: =SUM(F13:M13)-L13 -> 67289.762
E14: R-SSI | F14: =Prices!B10 -> 776.13063 | G14: =Prices!B6 -> 581.16061 | H14: =Prices!$B$11*C20 -> 935.18 | J14: =J11 -> 1357.2912 | K14: =Prices!B11*'Cost Model'!C22 -> 13092.52 | L14: =Prices!B25*(C20+C22) -> 7704.8639 | M14: =C27*Prices!$B$20 -> 94830 | N14: =SUM(F14:M14) -> 119277.15 | R14: =SUM(F14:M14)-L14 -> 111572.28
B16: General Parameters | E16: SSI Risk | K16: Prevalence in pop
B17: Carbapenem-Resistant Treatment | C17: Tigecycline | E17: Non Screened | G17: Carbapenem-resistant | K17: 3GCR | L17: 0.5
E18: No SSI | F18: =1-F19-F20 -> 0.986 | G18: No SSI | H18: =1-H19-H20 -> 0.984 | K18: Carbapenem-R | L18: 0.1
B19: Length of Treatment | E19: SSI | F19: 0.01 | G19: SSI | H19: 0.01 | K19: Non Carrier | L19: =1-L18-L17 -> 0.4
B20: Prophy dose | C20: 1 | E20: Resistant SSI | F20: 0.004 | G20: Resistant SSI | H20: 0.006
B21: S-SSI [days] | C21: 7 | E21: Non Carrier | G21: 3GCR Carrier
B22: R-SSI [days] | C22: 14 | E22: No SSI | F22: =1-F23-F24 -> 0.99 | G22: No SSI | H22: =1-H23-H24 -> 0.984
B23: Screen delay* | C23: 3 | E23: SSI | F23: 0.01 | G23: SSI | H23: 0.01
B24: Length of Stay [days] | E24: Resistant SSI | F24: 0 | G24: Resistant SSI | H24: 0.006
B25: No SSI | C25: 7
B26: S-SSI | C26: 20
B27: R- SSI | C27: 30

Sheet Prices
A1: Description | B1: Cost | C1: Notes | D1: Source
A2: Ceftazidime + Avibactam | B2: 3317 | C2: 2 g ceftazidime and 0.5 g | D2: National Drug System: https://ndi.fda.moph.go.th/drug_value/index/public
A3: Gram Strain | B3: 88 | D3: Health Intervention and Technology Assessment: HITAP Ministry of Public Health: https://costingmenu.hitap.net/
A4: MIC (Minimum Inhibitory Concentration) | B4: 202 | D4: Health Intervention and Technology Assessment: HITAP Ministry of Public Health: https://costingmenu.hitap.net/
A5: Sensitivity Test | B5: 175 | D5: Health Intervention and Technology Assessment: HITAP Ministry of Public Health: https://costingmenu.hitap.net/
A6: Susceptibiliy test | B6: =SUM(B3:B5)*B29 -> 581.16061 | C6: Gram stain +MIC (Minimum Inhibitory Concentration) + Sensitivity Test | D6: Health Intervention and Technology Assessment: HITAP Ministry of Public Health: https://costingmenu.hitap.net/
A7: Routine aerobic culture and sensitivity | B7: 270 | D7: Health Intervention and Technology Assessment: HITAP Ministry of Public Health: https://costingmenu.hitap.net/
A8: Hemoculture and sensitivity (Manual) | B8: 297 | D8: Health Intervention and Technology Assessment: HITAP Ministry of Public Health: https://costingmenu.hitap.net/
A9: Stool Routine direct smear | B9: 54 | D9: Health Intervention and Technology Assessment: HITAP Ministry of Public Health: https://costingmenu.hitap.net/
A10: Screnning | B10: =SUM(B7:B9)*B29 -> 776.13063 | C10: Routine aerobic culture and sensitivity + Hemoculture and sensitivity (Manual) + Stool Routine direct smear | D10: Health Intervention and Technology Assessment: HITAP Ministry of Public Health: https://costingmenu.hitap.net/
A11: Ertapenem | B11: 935.18 | C11: 1g | D11: National Drug System: https://ndi.fda.moph.go.th/drug_value/index/public
A12: Cefoxitin | B12: 97.37 | C12: 2g | D12: National Drug System: https://ndi.fda.moph.go.th/drug_value/index/public
A13: Metronidazole | B13: 18.19 | C13: 500mg | D13: National Drug System: https://ndi.fda.moph.go.th/drug_value/index/public
A14: Starndard Prophy Cefazolin + Metronidazol | B14: =B22*2+B13 -> 58.19 | C14: 2g of Cefazolin and 500mg of Matronidazol | D14: National Drug System: https://ndi.fda.moph.go.th/drug_value/index/public
A15: Tigecycline | B15: =1886.52 -> 1886.52 | C15: Tigecycline Sterile powder 50 mg 1 vial | D15: National Drug System: https://ndi.fda.moph.go.th/drug_value/index/public
A16: Inpatient Service | B16: 1215 | D16: National Drug System: https://ndi.fda.moph.go.th/drug_value/index/public
A17: General Nursing Services ICU | B17: 945 | D17: National Drug System: https://ndi.fda.moph.go.th/drug_value/index/public
A18: General Medical Services (IPD) | B18: 153 | D18: National Drug System: https://ndi.fda.moph.go.th/drug_value/index/public
A19: Sterilization/Disinfection | B19: 216 | D19: National Drug System: https://ndi.fda.moph.go.th/drug_value/index/public
A20: ICU day | B20: 3161 | C20: Inpatient Service + General Nursing Services + General Medical Services (IPD) + Sterilization/Disinfection | D20: Health Intervention and Technology Assessment: HITAP Ministry of Public Health: https://costingmenu.hitap.net/
A21: Ceftolozane sulfate + Tazobactam sodium | B21: 2944.8 | C21: 1 g + 500 mg | D21: National Drug System: https://ndi.fda.moph.go.th/drug_value/index/public
A22: Cefazolin sodium | B22: 20 | C22: 1 g/vial | D22: National Drug System: https://ndi.fda.moph.go.th/drug_value/index/public
A23: Treatment SSI | B23: =B22*3 -> 60 | C23: 1g Cefazolin /8h | D23: National Drug System: https://ndi.fda.moph.go.th/drug_value/index/public
A24: Societal Cost for Access Category (Metronidazole, Cefazolin | B24: =9.58*B27*B28 -> 389.30694 | D24: https://moru.shinyapps.io/amrcost/
A25: Societal Cost for Watch Category (Erapenem) | B25: =12.64*B27*B28 -> 513.6576 | D25: https://moru.shinyapps.io/amrcost/
A26: Societal Cost for Reserve Category (Tigecycline, Ceftazidine and Avibactam) | B26: =34.52*B27*B28 -> 1402.8054 | D26: https://moru.shinyapps.io/amrcost/
A27: June 2024 Exhange Rate - 28/06/2024 | B27: 36.73 | D27: https://www.federalreserve.gov/releases/h10/hist/dat00_th.htm
A28: 2018 to 2024 THB | B28: 1.1063836 | C28: For National Drug System | D28: https://data.worldbank.org/indicator/FP.CPI.TOTL.ZG
A29: 2009 to 2024 THB | B29: 1.2498078 | C29: For Health Intervention and Technology Assessment: HITAP Ministry of Public Health | D29: https://data.worldbank.org/indicator/FP.CPI.TOTL.ZG
A30: Colistin | B30: 140 | C30: THB/ vial (150 mg). | D30: https://innovation.bb.go.th/item/03/0301/03010293
A31: Empiric treatment | B31: 60 | C31: Ceftriaxone (1-2 g/day) + Metronidazole (400 mg/day)
